PELAAJA,JOUKKUE,viimeinen,O,L,M,M/O,L/O,raw,raw_luokka,yhd_luokka_eb,L/O_luokka,eb_raw,alhpa_new,beta_new,eb_raw_luokka,Games Left,Mean_Goals,CI_Lower,CI_Upper,Final_Goals,Final_CI_Lower,Final_CI_Upper
Aarela Ilmari,ErVi,2025,17,45,3,0.17647058823529413,2.6470588235294117,0.06666666666666667,"Average Low,%","Low,% -- Average High,spg","Average High,spg",0.08152465340166906,5.498874516323286,67.45044948833487,"Low,%",16,3.244,1,6,6.244,4,9
Aho Tuomas,ErVi,2025,14,16,1,0.07142857142857142,1.1428571428571428,0.0625,"Average Low,%","Low,% -- Average Low,spg","Average Low,spg",0.09099697306229873,3.498874516323286,38.45044948833487,"Low,%",16,1.554,0,3,2.5540000000000003,1,4
Ahola Juuso,KrP,2025,15,94,16,1.0666666666666667,6.266666666666667,0.1702127659574468,"High,%","High,% -- Very High,spg","Very High,spg",0.15885618816934122,18.498874516323287,116.45044948833487,"High,%",17,14.723,10,20,30.723,26,36
Ahola Vili,LASB,2025,17,14,0,0,0.8235294117647058,0,"Low,%","Low,% -- Low,spg","Low,spg",0.06855538275661027,2.498874516323286,36.45044948833487,"Low,%",16,0.864,0,2,0.864,0,2
Ainoa Luka,KrP,2025,16,10,2,0.125,0.625,0.2,"High,%","High,% -- Low,spg","Low,spg",0.13863828043246426,4.498874516323286,32.45044948833487,"High,%",17,1.278,0,3,3.278,2,5
Alkki Lauri,KrP,2025,14,5,2,0.14285714285714285,0.35714285714285715,0.4,"Very High,%","Very High,% -- Low,spg","Low,spg",0.16389074132411177,4.498874516323286,27.45044948833487,"Very High,%",17,0.847,0,2,2.847,2,4
Arkkila Olli,KrP,2025,6,9,1,0.16666666666666666,1.5,0.1111111111111111,"Average High,%","Average High,% -- Average Low,spg","Average Low,spg",0.11125038189425676,3.498874516323286,31.45044948833487,"Average High,%",17,2.604,1,5,3.604,2,6
Aro Konsta,KrP,2025,8,8,2,0.25,1,0.25,"Very High,%","High,% -- Low,spg","Low,spg",0.1477441086065656,4.498874516323286,30.45044948833487,"High,%",17,2.141,0,4,4.141,2,6
Astala Aaro,Oilers,2025,13,124,22,1.6923076923076923,9.538461538461538,0.1774193548387097,"High,%","Very High,% -- Very High,spg","Very High,spg",0.16728439278893906,24.498874516323287,146.45044948833487,"Very High,%",15,20.475,15,26.100000000000023,42.475,37,48.10000000000002
Auranen Leevi,Indians,2025,18,37,6,0.3333333333333333,2.0555555555555554,0.16216216216216217,"High,%","High,% -- Average High,spg","Average High,spg",0.14295727937247812,8.498874516323287,59.45044948833487,"High,%",15,3.861,2,6,9.861,8,12
Autio Janne,SPV,2025,18,28,2,0.1111111111111111,1.5555555555555556,0.07142857142857142,"Average Low,%","Low,% -- Average Low,spg","Average Low,spg",0.08917412157771784,4.498874516323286,50.45044948833487,"Low,%",15,1.908,0,4,3.908,2,6
Auvinen Jasper,Indians,2025,18,137,13,0.7222222222222222,7.611111111111111,0.0948905109489051,"Average High,%","Average Low,% -- Very High,spg","Very High,spg",0.09720182392748387,15.498874516323287,159.45044948833487,"Average Low,%",15,10.23,6,15,23.23,19,28
Dias Daniel,FBC,2025,6,2,0,0,0.3333333333333333,0,"Low,%","Average Low,% -- Low,spg","Low,spg",0.10220157782847636,2.498874516323286,24.45044948833487,"Average Low,%",16,0.478,0,1,0.478,0,1
Dias Lino,FBC,2025,3,1,0,0,0.3333333333333333,0,"Low,%","Average High,% -- Low,spg","Low,spg",0.10655977053089409,2.498874516323286,23.45044948833487,"Average High,%",16,0.523,0,1,0.523,0,1
Dumpis Markuss,Indians,2025,4,2,0,0,0.5,0,"Low,%","Average Low,% -- Low,spg","Low,spg",0.10220157782847636,2.498874516323286,24.45044948833487,"Average Low,%",15,0.683,0,2,0.683,0,2
Einiö Niko,LASB,2025,17,178,14,0.8235294117647058,10.470588235294118,0.07865168539325842,"Average Low,%","Low,% -- Very High,spg","Very High,spg",0.08230899236413751,16.498874516323287,200.45044948833487,"Low,%",16,12.669,8,17,26.669,22,31
Eklund Alex,TPS,2025,18,49,11,0.6111111111111112,2.7222222222222223,0.22448979591836735,"Very High,%","Very High,% -- Average High,spg","Average High,spg",0.18892637643276322,13.498874516323287,71.45044948833487,"Very High,%",15,6.373,3,10,17.373,14,21
Eloluoto Lauri,TPS,2025,18,92,13,0.7222222222222222,5.111111111111111,0.14130434782608695,"High,%","High,% -- High,spg","High,spg",0.1354199532252862,15.498874516323287,114.45044948833487,"High,%",15,9.057,5,13,22.057000000000002,18,26
Forsman Juuso,FBC,2025,17,121,8,0.47058823529411764,7.117647058823529,0.06611570247933884,"Average Low,%","Low,% -- Very High,spg","Very High,spg",0.07318816046775117,10.498874516323287,143.45044948833487,"Low,%",16,7.589,4,11,15.589,12,19
Forss Onni,Indians,2025,11,1,0,0,0.09090909090909091,0,"Low,%","Average High,% -- Low,spg","Low,spg",0.10655977053089409,2.498874516323286,23.45044948833487,"Average High,%",15,0.137,0,1,0.137,0,1
Fredriksson Mikael,FBC,2025,5,5,0,0,1,0,"Low,%","Average Low,% -- Low,spg","Low,spg",0.09103218937763437,2.498874516323286,27.45044948833487,"Average Low,%",16,1.4,0,3,1.4,0,3
Grönfors Samuli,Happee,2025,13,4,1,0.07692307692307693,0.3076923076923077,0.25,"Very High,%","High,% -- Low,spg","Low,spg",0.13228034245188738,3.498874516323286,26.45044948833487,"High,%",15,0.519,0,2,1.5190000000000001,1,3
Haapala Arttu,Oilers,2025,11,13,0,0,1.1818181818181819,0,"Low,%","Low,% -- Average Low,spg","Average Low,spg",0.07048921952726021,2.498874516323286,35.45044948833487,"Low,%",15,1.223,0,3,1.223,0,3
Haataja Elias,TPS,2025,18,22,5,0.2777777777777778,1.2222222222222223,0.22727272727272727,"Very High,%","Very High,% -- Average Low,spg","Average Low,spg",0.16870188271754633,7.498874516323286,44.45044948833487,"Very High,%",15,2.658,1,5,7.6579999999999995,6,10
Haikola Kai,OLS,2025,11,8,1,0.09090909090909091,0.7272727272727273,0.125,"Average High,%","Average High,% -- Low,spg","Low,spg",0.1149038708825515,3.498874516323286,30.45044948833487,"Average High,%",14,1.083,0,2,2.083,1,3
Hakanen Riku,SPV,2025,18,131,17,0.9444444444444444,7.277777777777778,0.1297709923664122,"Average High,%","High,% -- Very High,spg","Very High,spg",0.12706951710692493,19.498874516323287,153.45044948833487,"High,%",15,12.429,8,17,29.429000000000002,25,34
Hakola Jesper,TPS,2025,16,4,1,0.0625,0.25,0.25,"Very High,%","High,% -- Low,spg","Low,spg",0.13228034245188738,3.498874516323286,26.45044948833487,"High,%",15,0.468,0,1,1.468,1,2
Halmela Teemu,KrP,2025,1,3,0,0,3,0,"Low,%","Average Low,% -- High,spg","High,spg",0.09818586966287716,2.498874516323286,25.45044948833487,"Average Low,%",17,4.639,2,8,4.639,2,8
Harinen Simo,LASB,2025,14,1,0,0,0.07142857142857142,0,"Low,%","Average High,% -- Low,spg","Low,spg",0.10655977053089409,2.498874516323286,23.45044948833487,"Average High,%",16,0.12,0,1,0.12,0,1
Harjula Eero,Indians,2025,11,10,0,0,0.9090909090909091,0,"Low,%","Low,% -- Low,spg","Low,spg",0.07700585217537802,2.498874516323286,32.45044948833487,"Low,%",15,1.038,0,2,1.038,0,2
Harjula Tuomas,Indians,2025,18,29,6,0.3333333333333333,1.6111111111111112,0.20689655172413793,"Very High,%","Very High,% -- Average Low,spg","Average Low,spg",0.16518562229957193,8.498874516323287,51.45044948833487,"Very High,%",15,3.504,1,6,9.504,7,12
Harmaala Aatu,LASB,2025,5,29,1,0.2,5.8,0.034482758620689655,"Low,%","Low,% -- Very High,spg","Very High,spg",0.06800474147687613,3.498874516323286,51.45044948833487,"Low,%",16,5.85,3,9,6.85,4,10
Haudanlampi Tuukka,OLS,2025,18,18,2,0.1111111111111111,1,0.1111111111111111,"Average High,%","Average High,% -- Low,spg","Low,spg",0.11121939491971962,4.498874516323286,40.45044948833487,"Average High,%",14,1.422,0,3,3.4219999999999997,2,5
Haukkala Konsta,SPV,2025,17,138,12,0.7058823529411765,8.117647058823529,0.08695652173913043,"Average Low,%","Low,% -- Very High,spg","Very High,spg",0.0903635643437533,14.498874516323287,160.45044948833487,"Low,%",15,10.226,6,15,22.226,18,27
Haverinen Aaro,OLS,2025,16,26,3,0.1875,1.625,0.11538461538461539,"Average High,%","Average High,% -- Average High,spg","Average High,spg",0.113494809117245,5.498874516323286,48.45044948833487,"Average High,%",14,2.36,1,4,5.359999999999999,4,7
Havula Tatu,Indians,2025,18,59,9,0.5,3.2777777777777777,0.15254237288135594,"High,%","High,% -- High,spg","High,spg",0.14117631748576326,11.498874516323287,81.45044948833487,"High,%",15,6.149,3,9,15.149000000000001,12,18
Heikkilä Jeri,SPV,2025,18,55,6,0.3333333333333333,3.0555555555555554,0.10909090909090909,"Average High,%","Average High,% -- High,spg","High,spg",0.10973305606965313,8.498874516323287,77.45044948833487,"Average High,%",15,4.433,2,7,10.433,8,13
Heikkilä Oskari,Classic,2025,19,84,11,0.5789473684210527,4.421052631578948,0.13095238095238096,"Average High,%","High,% -- High,spg","High,spg",0.12680899499445072,13.498874516323287,106.45044948833487,"High,%",14,6.875,4,10,17.875,15,21
Heiska Ville,Happee,2025,14,52,9,0.6428571428571429,3.7142857142857144,0.17307692307692307,"High,%","High,% -- High,spg","High,spg",0.15445003482651865,11.498874516323287,74.45044948833487,"High,%",15,7.463,4,11,16.463,13,20
Helin Aaro,Classic,2025,19,82,8,0.42105263157894735,4.315789473684211,0.0975609756097561,"Average High,%","Average Low,% -- High,spg","High,spg",0.10051535984529977,10.498874516323287,104.45044948833487,"Average Low,%",14,5.621,3,9,13.621,11,17
Helin Vilho,Classic,2025,12,10,0,0,0.8333333333333334,0,"Low,%","Low,% -- Low,spg","Low,spg",0.07700585217537802,2.498874516323286,32.45044948833487,"Low,%",14,0.886,0,2,0.886,0,2
Hietaranta Ville,Classic,2025,18,35,10,0.5555555555555556,1.9444444444444444,0.2857142857142857,"Very High,%","Very High,% -- Average High,spg","Average High,spg",0.21755921194073763,12.498874516323287,57.45044948833487,"Very High,%",14,4.839,2,8,14.839,12,18
Hokkanen Joona,Oilers,2025,16,30,1,0.0625,1.875,0.03333333333333333,"Low,%","Low,% -- Average High,spg","Average High,spg",0.06670818935691764,3.498874516323286,52.45044948833487,"Low,%",15,1.781,0,4,2.7809999999999997,1,5
Holappa Niko-Petteri,OLS,2025,18,3,0,0,0.16666666666666666,0,"Low,%","Average Low,% -- Low,spg","Low,spg",0.09818586966287716,2.498874516323286,25.45044948833487,"Average Low,%",14,0.23,0,1,0.23,0,1
Honkonen Arttu,SPV,2025,13,2,0,0,0.15384615384615385,0,"Low,%","Average Low,% -- Low,spg","Low,spg",0.10220157782847636,2.498874516323286,24.45044948833487,"Average Low,%",15,0.237,0,1,0.237,0,1
Huhtakallio Eemeli,Classic,2025,13,1,0,0,0.07692307692307693,0,"Low,%","Average High,% -- Low,spg","Low,spg",0.10655977053089409,2.498874516323286,23.45044948833487,"Average High,%",14,0.095,0,0,0.095,0,0
Huppunen Jesse-Samuli,Indians,2025,13,53,6,0.46153846153846156,4.076923076923077,0.11320754716981132,"Average High,%","Average High,% -- High,spg","High,spg",0.11264180099599365,8.498874516323287,75.45044948833487,"Average High,%",15,6.15,3,10,12.15,9,16
Hutzli Stefan,Happee,2025,17,44,4,0.23529411764705882,2.588235294117647,0.09090909090909091,"Average Low,%","Average Low,% -- Average High,spg","Average High,spg",0.09780030934875977,6.498874516323286,66.45044948833487,"Average Low,%",15,3.422,1,6,7.422000000000001,5,10
Hyrkkönen Kim,Happee,2025,17,121,10,0.5882352941176471,7.117647058823529,0.08264462809917356,"Average Low,%","Low,% -- Very High,spg","Very High,spg",0.08713025689988983,12.498874516323287,143.45044948833487,"Low,%",15,8.626,5,12,18.625999999999998,15,22
Hyvärinen Luukas,KrP,2025,14,64,9,0.6428571428571429,4.571428571428571,0.140625,"High,%","High,% -- High,spg","High,spg",0.13301115939107847,11.498874516323287,86.45044948833487,"High,%",17,8.992,5,13,17.992,14,22
Hämäläinen Miika,FBC,2025,15,5,0,0,0.3333333333333333,0,"Low,%","Average Low,% -- Low,spg","Low,spg",0.09103218937763437,2.498874516323286,27.45044948833487,"Average Low,%",16,0.415,0,1,0.415,0,1
Hänninen Arttu,OLS,2025,7,8,0,0,1.1428571428571428,0,"Low,%","Low,% -- Average Low,spg","Average Low,spg",0.08206363315853742,2.498874516323286,30.45044948833487,"Low,%",14,1.174,0,3,1.174,0,3
Iiskola Heikki,Oilers,2025,15,107,14,0.9333333333333333,7.133333333333334,0.1308411214953271,"Average High,%","High,% -- Very High,spg","Very High,spg",0.1274532037666663,16.498874516323287,129.45044948833487,"High,%",15,12.137,8,17,26.137,22,31
Iiskola Tuomas,Oilers,2025,13,48,6,0.46153846153846156,3.6923076923076925,0.125,"Average High,%","Average High,% -- High,spg","High,spg",0.12063620002496257,8.498874516323287,70.45044948833487,"Average High,%",15,5.857,3,9,11.857,9,15
Ijäs Eetu,OLS,2025,19,47,4,0.21052631578947367,2.473684210526316,0.0851063829787234,"Average Low,%","Average Low,% -- Average High,spg","Average High,spg",0.09357570129787078,6.498874516323286,69.45044948833487,"Average Low,%",14,2.965,1,5,6.965,5,9
Jaanus Janne,LASB,2025,16,18,2,0.125,1.125,0.1111111111111111,"Average High,%","Average High,% -- Average Low,spg","Average Low,spg",0.11121939491971962,4.498874516323286,40.45044948833487,"Average High,%",16,1.821,0,4,3.8209999999999997,2,6
Jaaranen Dani,KrP,2025,14,46,3,0.21428571428571427,3.2857142857142856,0.06521739130434782,"Average Low,%","Low,% -- High,spg","High,spg",0.08033365094644687,5.498874516323286,68.45044948833487,"Low,%",17,4.145,2,7,7.145,5,10
Jalo Eero,FBC,2025,17,71,14,0.8235294117647058,4.176470588235294,0.19718309859154928,"High,%","Very High,% -- High,spg","High,spg",0.17655211512260077,16.498874516323287,93.45044948833487,"Very High,%",16,10.092,6,14,24.092,20,28
Jokela Olli,Oilers,2025,17,19,2,0.11764705882352941,1.1176470588235294,0.10526315789473684,"Average High,%","Average High,% -- Average Low,spg","Average Low,spg",0.10853620580373623,4.498874516323286,41.45044948833487,"Average High,%",15,1.626,0,3,3.626,2,5
Jonaeson Nico,KrP,2025,15,30,7,0.4666666666666667,2,0.23333333333333334,"Very High,%","Very High,% -- Average High,spg","Average High,spg",0.18110187060333705,9.498874516323287,52.45044948833487,"Very High,%",17,5.197,2,8,12.197,9,15
Juha Josef,ErVi,2025,15,32,5,0.3333333333333333,2.1333333333333333,0.15625,"High,%","High,% -- Average High,spg","Average High,spg",0.13771923991058696,7.498874516323286,54.45044948833487,"High,%",16,4.053,2,7,9.053,7,12
Junkkari Jonatan,Indians,2025,3,1,0,0,0.3333333333333333,0,"Low,%","Average High,% -- Low,spg","Low,spg",0.10655977053089409,2.498874516323286,23.45044948833487,"Average High,%",15,0.48,0,1,0.48,0,1
Junkkarinen Jonne,Happee,2025,18,49,6,0.3333333333333333,2.7222222222222223,0.12244897959183673,"Average High,%","Average High,% -- Average High,spg","Average High,spg",0.11894781036627108,8.498874516323287,71.45044948833487,"Average High,%",15,4.358,2,7,10.358,8,13
Junnila Samuli,Indians,2025,17,86,6,0.35294117647058826,5.0588235294117645,0.06976744186046512,"Average Low,%","Low,% -- High,spg","High,spg",0.07836642961297677,8.498874516323287,108.45044948833487,"Low,%",15,5.489,3,9,11.489,9,15
Juuranto Matias,Oilers,2025,6,8,0,0,1.3333333333333333,0,"Low,%","Low,% -- Average Low,spg","Average Low,spg",0.08206363315853742,2.498874516323286,30.45044948833487,"Low,%",15,1.56,0,3,1.56,0,3
Juuti Jasper,TPS,2025,18,19,2,0.1111111111111111,1.0555555555555556,0.10526315789473684,"Average High,%","Average High,% -- Low,spg","Low,spg",0.10853620580373623,4.498874516323286,41.45044948833487,"Average High,%",15,1.513,0,3,3.513,2,5
Järvikangas Viljami,SPV,2025,18,17,1,0.05555555555555555,0.9444444444444444,0.058823529411764705,"Average Low,%","Low,% -- Low,spg","Low,spg",0.08869035870827963,3.498874516323286,39.45044948833487,"Low,%",15,1.178,0,3,2.178,1,4
Järvinen Perttu,Oilers,2025,17,23,3,0.17647058823529413,1.3529411764705883,0.13043478260869565,"Average High,%","Average High,% -- Average Low,spg","Average Low,spg",0.12098614157236455,5.498874516323286,45.45044948833487,"Average High,%",15,2.224,0,4,5.224,3,7
Jäärni Tuukka,OLS,2025,4,1,0,0,0.25,0,"Low,%","Average High,% -- Low,spg","Low,spg",0.10655977053089409,2.498874516323286,23.45044948833487,"Average High,%",14,0.317,0,1,0.317,0,1
Jääskeläinen Pietari,Happee,2025,17,1,0,0,0.058823529411764705,0,"Low,%","Average High,% -- Low,spg","Low,spg",0.10655977053089409,2.498874516323286,23.45044948833487,"Average High,%",15,0.075,0,0,0.075,0,0
Kainulainen Justus,Oilers,2025,16,181,21,1.3125,11.3125,0.11602209944751381,"Average High,%","Average High,% -- Very High,spg","Very High,spg",0.11550170852618652,23.498874516323287,203.45044948833487,"Average High,%",15,17.349,12,23,38.349000000000004,33,44
Kainulainen Valtteri,Indians,2025,16,71,12,0.75,4.4375,0.16901408450704225,"High,%","High,% -- High,spg","High,spg",0.1551503989088157,14.498874516323287,93.45044948833487,"High,%",15,8.856,5,13,20.856,17,25
Kajaala Joona,SPV,2025,11,16,0,0,1.4545454545454546,0,"Low,%","Low,% -- Average Low,spg","Average Low,spg",0.06498947475455123,2.498874516323286,38.45044948833487,"Low,%",15,1.333,0,3,1.333,0,3
Kakko Tuomas,OLS,2025,19,88,7,0.3684210526315789,4.631578947368421,0.07954545454545454,"Average Low,%","Low,% -- High,spg","High,spg",0.08600123005680028,9.498874516323287,110.45044948833487,"Low,%",14,5.132,2,8,12.132,9,15
Kallio Matias,FBC,2025,15,16,2,0.13333333333333333,1.0666666666666667,0.125,"Average High,%","Average High,% -- Low,spg","Low,spg",0.11700447137004624,4.498874516323286,38.45044948833487,"Average High,%",16,1.804,0,4,3.8040000000000003,2,6
Kantola Karo,LASB,2025,1,1,0,0,1,0,"Low,%","Average High,% -- Low,spg","Low,spg",0.10655977053089409,2.498874516323286,23.45044948833487,"Average High,%",16,1.531,0,3,1.531,0,3
Kantonen Kasperi,TPS,2025,18,3,1,0.05555555555555555,0.16666666666666666,0.3333333333333333,"Very High,%","High,% -- Low,spg","Low,spg",0.13747790654648295,3.498874516323286,25.45044948833487,"High,%",15,0.311,0,1,1.311,1,2
Karjanlahti Eemeli,SPV,2025,18,44,6,0.3333333333333333,2.4444444444444446,0.13636363636363635,"High,%","High,% -- Average High,spg","Average High,spg",0.12789792366739722,8.498874516323287,66.45044948833487,"High,%",15,4.26,2,7,10.26,8,13
Karjanlahti Eero,SPV,2025,18,41,10,0.5555555555555556,2.2777777777777777,0.24390243902439024,"Very High,%","Very High,% -- Average High,spg","Average High,spg",0.19698638255700868,12.498874516323287,63.45044948833487,"Very High,%",15,5.726,3,9,15.725999999999999,13,19
Karjula Joona,OLS,2025,16,46,4,0.25,2.875,0.08695652173913043,"Average Low,%","Average Low,% -- High,spg","High,spg",0.09494275881169788,6.498874516323286,68.45044948833487,"Average Low,%",14,3.403,1,6,7.4030000000000005,5,10
Karkulowski Emil,LASB,2025,17,33,3,0.17647058823529413,1.9411764705882353,0.09090909090909091,"Average Low,%","Average Low,% -- Average High,spg","Average High,spg",0.09916735692972312,5.498874516323286,55.45044948833487,"Average Low,%",16,2.829,1,5,5.829000000000001,4,8
Karppanen Teemu,Classic,2025,18,36,6,0.3333333333333333,2,0.16666666666666666,"High,%","High,% -- Average High,spg","Average High,spg",0.1454030651726542,8.498874516323287,58.45044948833487,"High,%",14,3.681,1,6,9.681000000000001,7,12
Karvonen Valte,KrP,2025,16,25,5,0.3125,1.5625,0.2,"High,%","High,% -- Average Low,spg","Average Low,spg",0.1580359005485669,7.498874516323286,47.45044948833487,"High,%",17,3.509,1,6,8.509,6,11
Kauppila Oskari,Jymy,2025,18,37,10,0.5555555555555556,2.0555555555555554,0.2702702702702703,"Very High,%","Very High,% -- Average High,spg","Average High,spg",0.2102402021161466,12.498874516323287,59.45044948833487,"Very High,%",14,5.027,2,8,15.027000000000001,12,18
Kauppinen Pyry,TPS,2025,15,57,9,0.6,3.8,0.15789473684210525,"High,%","High,% -- High,spg","High,spg",0.1447301379712343,11.498874516323287,79.45044948833487,"High,%",15,7.357,4,11,16.357,13,20
Kekki Juuso,Indians,2025,18,34,3,0.16666666666666666,1.8888888888888888,0.08823529411764706,"Average Low,%","Average Low,% -- Average High,spg","Average High,spg",0.09741064183128594,5.498874516323286,56.45044948833487,"Average Low,%",15,2.404,1,5,5.404,4,8
Keskinen Juuso,SPV,2025,13,92,14,1.0769230769230769,7.076923076923077,0.15217391304347827,"High,%","High,% -- Very High,spg","Very High,spg",0.14415735884029798,16.498874516323287,114.45044948833487,"High,%",15,13.345,9,18,27.345,23,32
Kilpeläinen Aapo,KrP,2025,15,36,6,0.4,2.4,0.16666666666666666,"High,%","High,% -- Average High,spg","Average High,spg",0.1454030651726542,8.498874516323287,58.45044948833487,"High,%",17,5.213,2,8,11.213000000000001,8,14
Kilpi Otto,Classic,2025,19,35,1,0.05263157894736842,1.8421052631578947,0.02857142857142857,"Low,%","Low,% -- Average High,spg","Average High,spg",0.060902474175310355,3.498874516323286,57.45044948833487,"Low,%",14,1.426,0,3,2.426,1,4
Kinnunen Olli,KrP,2025,10,12,2,0.2,1.2,0.16666666666666666,"High,%","High,% -- Average Low,spg","Average Low,spg",0.13058971894827184,4.498874516323286,34.45044948833487,"High,%",17,2.432,1,4,4.432,3,6
Kinnunen Teuvo,Happee,2025,7,32,2,0.2857142857142857,4.571428571428571,0.0625,"Average Low,%","Low,% -- High,spg","High,spg",0.08262327599861408,4.498874516323286,54.45044948833487,"Low,%",15,5.082,2,8,7.082,4,10
Koistinen Eero,ErVi,2025,16,22,3,0.1875,1.375,0.13636363636363635,"High,%","Average High,% -- Average Low,spg","Average Low,spg",0.1237079620030919,5.498874516323286,44.45044948833487,"Average High,%",16,2.38,1,4,5.38,4,7
Koivisto Aatu,TPS,2025,18,28,2,0.1111111111111111,1.5555555555555556,0.07142857142857142,"Average Low,%","Low,% -- Average Low,spg","Average Low,spg",0.08917412157771784,4.498874516323286,50.45044948833487,"Low,%",15,1.882,0,4,3.8819999999999997,2,6
Koivisto Lassi,ErVi,2025,12,14,1,0.08333333333333333,1.1666666666666667,0.07142857142857142,"Average Low,%","Average Low,% -- Average Low,spg","Average Low,spg",0.0959898866937984,3.498874516323286,36.45044948833487,"Average Low,%",16,1.631,0,3,2.6310000000000002,1,4
Koivisto Veeti,OLS,2025,15,30,4,0.26666666666666666,2,0.13333333333333333,"Average High,%","High,% -- Average High,spg","Average High,spg",0.12390502998012733,6.498874516323286,52.45044948833487,"High,%",14,3.016,1,5,7.016,5,9
Kokko Aaro,Happee,2025,18,65,6,0.3333333333333333,3.611111111111111,0.09230769230769231,"Average High,%","Average Low,% -- High,spg","High,spg",0.09718502953443325,8.498874516323287,87.45044948833487,"Average Low,%",15,4.751,2,8,10.751000000000001,8,14
Koljonen Perttu,Happee,2025,18,54,3,0.16666666666666666,3,0.05555555555555555,"Low,%","Low,% -- High,spg","High,spg",0.07192730131903707,5.498874516323286,76.45044948833487,"Low,%",15,3.03,1,5,6.029999999999999,4,8
Koppanen Joe,FBC,2025,16,22,3,0.1875,1.375,0.13636363636363635,"High,%","Average High,% -- Average Low,spg","Average Low,spg",0.1237079620030919,5.498874516323286,44.45044948833487,"Average High,%",16,2.335,1,4,5.335,4,7
Koski Matias,TPS,2025,5,6,0,0,1.2,0,"Low,%","Low,% -- Average Low,spg","Average Low,spg",0.08783251446863305,2.498874516323286,28.45044948833487,"Low,%",15,1.424,0,3,1.424,0,3
Koski Sami,SPV,2025,18,39,5,0.2777777777777778,2.1666666666666665,0.1282051282051282,"Average High,%","Average High,% -- Average High,spg","Average High,spg",0.12203123945817185,7.498874516323286,61.45044948833487,"Average High,%",15,3.564,1,6,8.564,6,11
Koskinen Joonas,TPS,2025,14,20,0,0,1.4285714285714286,0,"Low,%","Low,% -- Average Low,spg","Average Low,spg",0.05886567860747769,2.498874516323286,42.45044948833487,"Low,%",15,1.207,0,3,1.207,0,3
Koskinen Juho,TPS,2025,18,27,1,0.05555555555555555,1.5,0.037037037037037035,"Low,%","Low,% -- Average Low,spg","Average Low,spg",0.07075516102535437,3.498874516323286,49.45044948833487,"Low,%",15,1.532,0,3,2.532,1,4
Koskinen Valtteri,FBC,2025,15,36,5,0.3333333333333333,2.4,0.1388888888888889,"High,%","High,% -- Average High,spg","Average High,spg",0.12829455687624539,7.498874516323286,58.45044948833487,"High,%",16,4.331,2,7,9.331,7,12
Kosonen Miika,LASB,2025,16,22,1,0.0625,1.375,0.045454545454545456,"Low,%","Low,% -- Average Low,spg","Average Low,spg",0.07871404128863749,3.498874516323286,44.45044948833487,"Low,%",16,1.599,0,3,2.599,1,4
Kotka Timi,Happee,2025,17,28,3,0.17647058823529413,1.6470588235294117,0.10714285714285714,"Average High,%","Average High,% -- Average High,spg","Average High,spg",0.10899555052715107,5.498874516323286,50.45044948833487,"Average High,%",15,2.365,0,5,5.365,3,8
Kovanen Joonatan,KrP,2025,16,75,13,0.8125,4.6875,0.17333333333333334,"High,%","Very High,% -- High,spg","High,spg",0.15904364318174388,15.498874516323287,97.45044948833487,"Very High,%",17,10.967,7,15,23.967,20,28
Kuisma Niklas,Happee,2025,16,39,6,0.375,2.4375,0.15384615384615385,"High,%","High,% -- Average High,spg","Average High,spg",0.13830451342649053,8.498874516323287,61.45044948833487,"High,%",15,4.5,2,8,10.5,8,14
Kurkikangas Atte,FBC,2025,14,16,3,0.21428571428571427,1.1428571428571428,0.1875,"High,%","High,% -- Average Low,spg","Average Low,spg",0.14301196967779375,5.498874516323286,38.45044948833487,"High,%",16,2.311,1,4,5.311,4,7
Kuutsa Eero,FBC,2025,17,45,3,0.17647058823529413,2.6470588235294117,0.06666666666666667,"Average Low,%","Low,% -- Average High,spg","Average High,spg",0.08152465340166906,5.498874516323286,67.45044948833487,"Low,%",16,3.183,1,6,6.183,4,9
Laakso Elmeri,FBC,2025,16,1,0,0,0.0625,0,"Low,%","Average High,% -- Low,spg","Low,spg",0.10655977053089409,2.498874516323286,23.45044948833487,"Average High,%",16,0.09,0,0,0.09,0,0
Laakso Mikko,KrP,2025,15,88,22,1.4666666666666666,5.866666666666666,0.25,"Very High,%","Very High,% -- Very High,spg","Very High,spg",0.22180873531810041,24.498874516323287,110.45044948833487,"Very High,%",17,18.103,13,24,40.103,35,46
Laaksonen Nikolas,FBC,2025,17,82,10,0.5882352941176471,4.823529411764706,0.12195121951219512,"Average High,%","Average High,% -- High,spg","High,spg",0.11966319510878863,12.498874516323287,104.45044948833487,"Average High,%",16,8.154,4,12,18.154,14,22
Laasonen Roni,Happee,2025,16,59,10,0.625,3.6875,0.1694915254237288,"High,%","High,% -- High,spg","High,spg",0.1534537205729398,12.498874516323287,81.45044948833487,"High,%",15,7.422,4,11,17.422,14,21
Laatikainen Aleksi,Oilers,2025,5,4,0,0,0.8,0,"Low,%","Average Low,% -- Low,spg","Low,spg",0.09447380156716563,2.498874516323286,26.45044948833487,"Average Low,%",15,1.025,0,2,1.025,0,2
Laine Olli-Akseli,TPS,2025,18,77,7,0.3888888888888889,4.277777777777778,0.09090909090909091,"Average Low,%","Average Low,% -- High,spg","High,spg",0.09551364086531822,9.498874516323287,99.45044948833487,"Average Low,%",15,5.75,3,9,12.75,10,16
Laiti Niko,Happee,2025,13,65,5,0.38461538461538464,5,0.07692307692307693,"Average Low,%","Low,% -- High,spg","High,spg",0.08574998253523639,7.498874516323286,87.45044948833487,"Low,%",15,5.779,3,9,10.779,8,14
Laitila Alpo,Classic,2025,18,23,1,0.05555555555555555,1.2777777777777777,0.043478260869565216,"Low,%","Low,% -- Average Low,spg","Average Low,spg",0.0769821763197588,3.498874516323286,45.45044948833487,"Low,%",14,1.26,0,3,2.26,1,4
Lamminen Janne,Classic,2025,12,8,1,0.08333333333333333,0.6666666666666666,0.125,"Average High,%","Average High,% -- Low,spg","Low,spg",0.1149038708825515,3.498874516323286,30.45044948833487,"Average High,%",14,0.985,0,2,1.9849999999999999,1,3
Larte Joona,Oilers,2025,15,9,2,0.13333333333333333,0.6,0.2222222222222222,"Very High,%","High,% -- Low,spg","Low,spg",0.14304642984488797,4.498874516323286,31.45044948833487,"High,%",15,1.089,0,3,3.089,2,5
Lassila Jussi,Jymy,2025,19,73,12,0.631578947368421,3.8421052631578947,0.1643835616438356,"High,%","High,% -- High,spg","High,spg",0.15189948914902926,14.498874516323287,95.45044948833487,"High,%",14,7.021,4,11,19.021,16,23
Lastikka Ville,Classic,2025,19,116,23,1.2105263157894737,6.105263157894737,0.19827586206896552,"High,%","Very High,% -- Very High,spg","Very High,spg",0.18417328806485161,25.498874516323287,138.45044948833487,"Very High,%",14,13.207,9,18,36.207,32,41
Latvala Miika,SPV,2025,18,19,1,0.05555555555555555,1.0555555555555556,0.05263157894736842,"Low,%","Low,% -- Low,spg","Low,spg",0.0844110150677124,3.498874516323286,41.45044948833487,"Low,%",15,1.184,0,3,2.184,1,4
Laukkanen Jarno,KrP,2025,9,7,1,0.1111111111111111,0.7777777777777778,0.14285714285714285,"High,%","Average High,% -- Low,spg","Low,spg",0.11880547078607977,3.498874516323286,29.45044948833487,"Average High,%",17,1.38,0,3,2.38,1,4
Lehkosuo Otto,Indians,2025,17,51,11,0.6470588235294118,3,0.21568627450980393,"Very High,%","Very High,% -- High,spg","High,spg",0.18378205457363647,13.498874516323287,73.45044948833487,"Very High,%",15,6.929,4,10,17.929000000000002,15,21
Lehtonen Eetu,TPS,2025,17,15,1,0.058823529411764705,0.8823529411764706,0.06666666666666667,"Average Low,%","Average Low,% -- Low,spg","Low,spg",0.09342676961495808,3.498874516323286,37.45044948833487,"Average Low,%",15,1.116,0,3,2.116,1,4
Leppäniemi Samuli,Classic,2025,9,13,1,0.1111111111111111,1.4444444444444444,0.07692307692307693,"Average Low,%","Average Low,% -- Average Low,spg","Average Low,spg",0.09869760656982944,3.498874516323286,35.45044948833487,"Average Low,%",14,1.825,0,4,2.825,1,5
Liikka Saku,Jymy,2025,17,10,1,0.058823529411764705,0.5882352941176471,0.1,"Average High,%","Average High,% -- Low,spg","Low,spg",0.10782206630392115,3.498874516323286,32.45044948833487,"Average High,%",14,0.768,0,2,1.768,1,3
Lillas Didrik,SPV,2025,18,27,3,0.16666666666666666,1.5,0.1111111111111111,"Average High,%","Average High,% -- Average Low,spg","Average Low,spg",0.1111996872267146,5.498874516323286,49.45044948833487,"Average High,%",15,2.253,0,4,5.253,3,7
Lindfors Jesperi,Oilers,2025,8,15,0,0,1.875,0,"Low,%","Low,% -- Average High,spg","Average High,spg",0.06672482040840765,2.498874516323286,37.45044948833487,"Low,%",15,1.736,0,4,1.736,0,4
Lindfors Santeri,Oilers,2025,17,39,3,0.17647058823529413,2.2941176470588234,0.07692307692307693,"Average Low,%","Low,% -- Average High,spg","Average High,spg",0.08948469152153454,5.498874516323286,61.45044948833487,"Low,%",15,2.843,1,5,5.843,4,8
Lindholm Joonatan,Indians,2025,18,18,1,0.05555555555555555,1,0.05555555555555555,"Low,%","Low,% -- Low,spg","Low,spg",0.08649779076824089,3.498874516323286,40.45044948833487,"Low,%",15,1.288,0,3,2.2880000000000003,1,4
Lindroos Yannick,FBC,2025,16,80,9,0.5625,5,0.1125,"Average High,%","Average High,% -- High,spg","High,spg",0.11223839986795336,11.498874516323287,102.45044948833487,"Average High,%",16,8.224,5,12,17.224,14,21
Lindstedt Tino,LASB,2025,8,6,0,0,0.75,0,"Low,%","Low,% -- Low,spg","Low,spg",0.08783251446863305,2.498874516323286,28.45044948833487,"Low,%",16,0.945,0,2,0.945,0,2
Liponen Vili,KrP,2025,15,19,6,0.4,1.2666666666666666,0.3157894736842105,"Very High,%","Very High,% -- Average Low,spg","Average Low,spg",0.20503696874783156,8.498874516323287,41.45044948833487,"Very High,%",17,3.745,1,6,9.745000000000001,7,12
Lokasaari Aapo,SPV,2025,16,21,2,0.125,1.3125,0.09523809523809523,"Average High,%","Average Low,% -- Average Low,spg","Average Low,spg",0.10354034467540084,4.498874516323286,43.45044948833487,"Average Low,%",15,1.823,0,4,3.823,2,6
Loponen Eetu,TPS,2025,7,1,0,0,0.14285714285714285,0,"Low,%","Average High,% -- Low,spg","Low,spg",0.10655977053089409,2.498874516323286,23.45044948833487,"Average High,%",15,0.192,0,1,0.192,0,1
Luhtala Aatu,Jymy,2025,16,21,1,0.0625,1.3125,0.047619047619047616,"Low,%","Low,% -- Average Low,spg","Average Low,spg",0.08052562303786127,3.498874516323286,43.45044948833487,"Low,%",14,1.369,0,3,2.3689999999999998,1,4
Lukkari Olli,OLS,2025,19,88,9,0.47368421052631576,4.631578947368421,0.10227272727272728,"Average High,%","Average Low,% -- High,spg","High,spg",0.10410889742497365,11.498874516323287,110.45044948833487,"Average Low,%",14,5.998,3,9,14.998000000000001,12,18
Luukko Joona,Jymy,2025,15,2,0,0,0.13333333333333333,0,"Low,%","Average Low,% -- Low,spg","Low,spg",0.10220157782847636,2.498874516323286,24.45044948833487,"Average Low,%",14,0.199,0,1,0.199,0,1
Maksimainen Olli,LASB,2025,9,9,0,0,1,0,"Low,%","Low,% -- Low,spg","Low,spg",0.07945433394362555,2.498874516323286,31.45044948833487,"Low,%",16,1.182,0,3,1.182,0,3
Malkavs Jorens,LASB,2025,15,82,8,0.5333333333333333,5.466666666666667,0.0975609756097561,"Average High,%","Average Low,% -- Very High,spg","Very High,spg",0.10051535984529977,10.498874516323287,104.45044948833487,"Average Low,%",16,7.92,4,12,15.92,12,20
Manninen Eetu,Jymy,2025,17,2,0,0,0.11764705882352941,0,"Low,%","Average Low,% -- Low,spg","Low,spg",0.10220157782847636,2.498874516323286,24.45044948833487,"Average Low,%",14,0.162,0,1,0.162,0,1
Manninen Jami,Classic,2025,15,89,11,0.7333333333333333,5.933333333333334,0.12359550561797752,"Average High,%","Average High,% -- Very High,spg","Very High,spg",0.12111996477624047,13.498874516323287,111.45044948833487,"Average High,%",14,9.106,5,13,20.106,16,24
Markkanen Jami,Happee,2025,14,25,5,0.35714285714285715,1.7857142857142858,0.2,"High,%","High,% -- Average High,spg","Average High,spg",0.1580359005485669,7.498874516323286,47.45044948833487,"High,%",15,3.521,1,6,8.521,6,11
Markkola Markus,Oilers,2025,6,26,2,0.3333333333333333,4.333333333333333,0.07692307692307693,"Average Low,%","Average Low,% -- High,spg","High,spg",0.09285516571742959,4.498874516323286,48.45044948833487,"Average Low,%",15,5.531,3,9,7.531,5,11
Maronen Markus,Indians,2025,11,15,3,0.2727272727272727,1.3636363636363635,0.2,"High,%","High,% -- Average Low,spg","Average Low,spg",0.14683066802805891,5.498874516323286,37.45044948833487,"High,%",15,2.679,1,5,5.679,4,8
Marthaler Mael,LASB,2025,17,16,1,0.058823529411764705,0.9411764705882353,0.0625,"Average Low,%","Low,% -- Low,spg","Low,spg",0.09099697306229873,3.498874516323286,38.45044948833487,"Low,%",16,1.194,0,3,2.194,1,4
Mertaniemi Väinö,OLS,2025,15,31,1,0.06666666666666667,2.066666666666667,0.03225806451612903,"Low,%","Low,% -- Average High,spg","Average High,spg",0.06546015140783591,3.498874516323286,53.45044948833487,"Low,%",14,1.762,0,3,2.762,1,4
Mertsalmi Henri,LASB,2025,4,1,0,0,0.25,0,"Low,%","Average High,% -- Low,spg","Low,spg",0.10655977053089409,2.498874516323286,23.45044948833487,"Average High,%",16,0.376,0,1,0.376,0,1
Minkkinen Matti,Happee,2025,17,77,6,0.35294117647058826,4.529411764705882,0.07792207792207792,"Average Low,%","Low,% -- High,spg","High,spg",0.08545838213954146,8.498874516323287,99.45044948833487,"Low,%",15,5.364,2,8.100000000000023,11.364,8,14.100000000000023
Mustonen Juho,OLS,2025,16,18,1,0.0625,1.125,0.05555555555555555,"Low,%","Low,% -- Average Low,spg","Average Low,spg",0.08649779076824089,3.498874516323286,40.45044948833487,"Low,%",14,1.222,0,3,2.222,1,4
Mustonen Justus,Oilers,2025,17,6,1,0.058823529411764705,0.35294117647058826,0.16666666666666666,"High,%","Average High,% -- Low,spg","Low,spg",0.12298134402965688,3.498874516323286,28.45044948833487,"Average High,%",15,0.591,0,2,1.591,1,3
Mäenpää Eero,Jymy,2025,9,4,2,0.2222222222222222,0.4444444444444444,0.5,"Very High,%","Very High,% -- Low,spg","Low,spg",0.17008688333660915,4.498874516323286,26.45044948833487,"Very High,%",14,0.891,0,2,2.891,2,4
Mäenpää Matias,Happee,2025,16,41,4,0.25,2.5625,0.0975609756097561,"Average High,%","Average Low,% -- Average High,spg","Average High,spg",0.10242440469264256,6.498874516323286,63.45044948833487,"Average Low,%",15,3.596,1,6,7.596,5,10
Mäkimarttunen Saku,LASB,2025,17,34,1,0.058823529411764705,2,0.029411764705882353,"Low,%","Low,% -- Average High,spg","Average High,spg",0.0619813402379782,3.498874516323286,56.45044948833487,"Low,%",16,1.848,0,4,2.848,1,5
Möttönen Juuso,ErVi,2025,17,88,9,0.5294117647058824,5.176470588235294,0.10227272727272728,"Average High,%","Average Low,% -- High,spg","High,spg",0.10410889742497365,11.498874516323287,110.45044948833487,"Average Low,%",16,7.734,4,12,16.734,13,21
Niemelä Jere,Indians,2025,18,81,12,0.6666666666666666,4.5,0.14814814814814814,"High,%","High,% -- High,spg","High,spg",0.14015284213876894,14.498874516323287,103.45044948833487,"High,%",15,8.146,5,12,20.146,17,24
Niemelä Marius,Happee,2025,15,16,1,0.06666666666666667,1.0666666666666667,0.0625,"Average Low,%","Low,% -- Low,spg","Low,spg",0.09099697306229873,3.498874516323286,38.45044948833487,"Low,%",15,1.352,0,3,2.3520000000000003,1,4
Niemelä Oliver,TPS,2025,11,15,4,0.36363636363636365,1.3636363636363635,0.26666666666666666,"Very High,%","Very High,% -- Average Low,spg","Average Low,spg",0.17353261723460936,6.498874516323286,37.45044948833487,"Very High,%",15,3.08,1,5,7.08,5,9
Niemelä Petri,OLS,2025,16,25,2,0.125,1.5625,0.08,"Average Low,%","Average Low,% -- Average Low,spg","Average Low,spg",0.09481205267463864,4.498874516323286,47.45044948833487,"Average Low,%",14,1.924,0,4,3.924,2,6
Nissilä Juuso,OLS,2025,17,21,1,0.058823529411764705,1.2352941176470589,0.047619047619047616,"Low,%","Low,% -- Average Low,spg","Average Low,spg",0.08052562303786127,3.498874516323286,43.45044948833487,"Low,%",14,1.268,0,3,2.268,1,4
Nykänen Eetu,Oilers,2025,3,4,0,0,1.3333333333333333,0,"Low,%","Average Low,% -- Average Low,spg","Average Low,spg",0.09447380156716563,2.498874516323286,26.45044948833487,"Average Low,%",15,1.714,0,4,1.714,0,4
Nyman Elias,Jymy,2025,17,15,1,0.058823529411764705,0.8823529411764706,0.06666666666666667,"Average Low,%","Average Low,% -- Low,spg","Low,spg",0.09342676961495808,3.498874516323286,37.45044948833487,"Average Low,%",14,1.038,0,2,2.0380000000000003,1,3
Nyström Rasmus,Classic,2025,1,1,0,0,1,0,"Low,%","Average High,% -- Low,spg","Low,spg",0.10655977053089409,2.498874516323286,23.45044948833487,"Average High,%",14,1.307,0,3,1.307,0,3
Ojala Jani,Jymy,2025,8,6,0,0,0.75,0,"Low,%","Low,% -- Low,spg","Low,spg",0.08783251446863305,2.498874516323286,28.45044948833487,"Low,%",14,0.826,0,2,0.826,0,2
Ojala Tuomas,TPS,2025,18,97,9,0.5,5.388888888888889,0.09278350515463918,"Average High,%","Average Low,% -- Very High,spg","Very High,spg",0.09626480742080613,11.498874516323287,119.45044948833487,"Average Low,%",15,7.116,4,11,16.116,13,20
Ojanperä Aleksi,Jymy,2025,8,2,0,0,0.25,0,"Low,%","Average Low,% -- Low,spg","Low,spg",0.10220157782847636,2.498874516323286,24.45044948833487,"Average Low,%",14,0.3,0,1,0.3,0,1
Okkonen Roope,OLS,2025,17,42,3,0.17647058823529413,2.4705882352941178,0.07142857142857142,"Average Low,%","Low,% -- Average High,spg","Average High,spg",0.08531941297505688,5.498874516323286,64.45044948833487,"Low,%",14,2.8,1,5,5.8,4,8
Ollikainen Aaro,FBC,2025,17,44,4,0.23529411764705882,2.588235294117647,0.09090909090909091,"Average Low,%","Average Low,% -- Average High,spg","Average High,spg",0.09780030934875977,6.498874516323286,66.45044948833487,"Average Low,%",16,3.611,1,6,7.611000000000001,5,10
Ordning Aapo,FBC,2025,17,11,3,0.17647058823529413,0.6470588235294118,0.2727272727272727,"Very High,%","Very High,% -- Low,spg","Low,spg",0.16438865846155226,5.498874516323286,33.45044948833487,"Very High,%",16,1.469,0,3,4.469,3,6
Palojoki Jooa,ErVi,2025,7,9,0,0,1.2857142857142858,0,"Low,%","Low,% -- Average Low,spg","Average Low,spg",0.07945433394362555,2.498874516323286,31.45044948833487,"Low,%",16,1.57,0,3,1.57,0,3
Palvaila Lauri,LASB,2025,16,39,3,0.1875,2.4375,0.07692307692307693,"Average Low,%","Low,% -- Average High,spg","Average High,spg",0.08948469152153454,5.498874516323286,61.45044948833487,"Low,%",16,3.157,1,6,6.157,4,9
Pasanen Rasmus,Indians,2025,15,32,5,0.3333333333333333,2.1333333333333333,0.15625,"High,%","High,% -- Average High,spg","Average High,spg",0.13771923991058696,7.498874516323286,54.45044948833487,"High,%",15,3.836,1,6,8.836,6,11
Paulaharju Simo,KrP,2025,12,10,0,0,0.8333333333333334,0,"Low,%","Low,% -- Low,spg","Low,spg",0.07700585217537802,2.498874516323286,32.45044948833487,"Low,%",17,1.007,0,2,1.007,0,2
Pekari Elias,Oilers,2025,18,24,3,0.16666666666666666,1.3333333333333333,0.125,"Average High,%","Average High,% -- Average Low,spg","Average Low,spg",0.11838151356757531,5.498874516323286,46.45044948833487,"Average High,%",15,2.166,0,4,5.166,3,7
Pelto-Arvo Jukka-Pekka,SPV,2025,18,43,9,0.5,2.388888888888889,0.20930232558139536,"Very High,%","Very High,% -- Average High,spg","Average High,spg",0.175688243644113,11.498874516323287,65.45044948833487,"Very High,%",15,5.308,3,8,14.308,12,17
Penicka Matej,ErVi,2025,16,60,3,0.1875,3.75,0.05,"Low,%","Low,% -- High,spg","High,spg",0.0666930811226356,5.498874516323286,82.45044948833487,"Low,%",16,3.812,2,6,6.811999999999999,5,9
Pernu Valtteri,Happee,2025,13,8,2,0.15384615384615385,0.6153846153846154,0.25,"Very High,%","High,% -- Low,spg","Low,spg",0.1477441086065656,4.498874516323286,30.45044948833487,"High,%",15,1.251,0,3,3.251,2,5
Pirhonen Elias,ErVi,2025,12,12,0,0,1,0,"Low,%","Low,% -- Low,spg","Low,spg",0.07253532402151734,2.498874516323286,34.45044948833487,"Low,%",16,1.088,0,3,1.088,0,3
Piskacek Bohumil,ErVi,2025,17,37,0,0,2.176470588235294,0,"Low,%","Low,% -- Average High,spg","Average High,spg",0.0420328952569754,2.498874516323286,59.45044948833487,"Low,%",16,1.413,0,3,1.413,0,3
Porttikivi Pietari,LASB,2025,13,16,0,0,1.2307692307692308,0,"Low,%","Low,% -- Average Low,spg","Average Low,spg",0.06498947475455123,2.498874516323286,38.45044948833487,"Low,%",16,1.201,0,3,1.201,0,3
Puntanen Eetu,Jymy,2025,19,52,4,0.21052631578947367,2.736842105263158,0.07692307692307693,"Average Low,%","Low,% -- Average High,spg","Average High,spg",0.08729127306802292,6.498874516323286,74.45044948833487,"Low,%",14,3.071,1,5,7.071,5,9
Pylväläinen Arttu,Happee,2025,17,22,1,0.058823529411764705,1.2941176470588236,0.045454545454545456,"Low,%","Low,% -- Average Low,spg","Average Low,spg",0.07871404128863749,3.498874516323286,44.45044948833487,"Low,%",15,1.386,0,3,2.386,1,4
Pöyhtäri Akseli,FBC,2025,14,43,6,0.42857142857142855,3.0714285714285716,0.13953488372093023,"High,%","High,% -- High,spg","High,spg",0.1298520420068013,8.498874516323287,65.45044948833487,"High,%",16,5.799,3,9,11.799,9,15
Raappana Atte,LASB,2025,13,34,4,0.3076923076923077,2.6153846153846154,0.11764705882352941,"Average High,%","Average High,% -- Average High,spg","Average High,spg",0.1151252926279398,6.498874516323286,56.45044948833487,"Average High,%",16,4.309,2,7,8.309000000000001,6,11
Rannanjärvi Jaakko,TPS,2025,10,3,0,0,0.3,0,"Low,%","Average Low,% -- Low,spg","Low,spg",0.09818586966287716,2.498874516323286,25.45044948833487,"Average Low,%",15,0.428,0,1,0.428,0,1
Ranta Justus,Jymy,2025,14,5,0,0,0.35714285714285715,0,"Low,%","Average Low,% -- Low,spg","Low,spg",0.09103218937763437,2.498874516323286,27.45044948833487,"Average Low,%",14,0.433,0,1,0.433,0,1
Rantala Joona,KrP,2025,15,88,16,1.0666666666666667,5.866666666666666,0.18181818181818182,"High,%","Very High,% -- Very High,spg","Very High,spg",0.16748573321358035,18.498874516323287,110.45044948833487,"Very High,%",17,14.216,9,19,30.216,25,35
Rantala Peetu,LASB,2025,17,12,1,0.058823529411764705,0.7058823529411765,0.08333333333333333,"Average Low,%","Average Low,% -- Low,spg","Low,spg",0.1015625214848946,3.498874516323286,34.45044948833487,"Average Low,%",16,1.056,0,2,2.056,1,3
Rantaniemi Aapo,OLS,2025,12,34,2,0.16666666666666666,2.8333333333333335,0.058823529411764705,"Average Low,%","Low,% -- High,spg","High,spg",0.07969599103463207,4.498874516323286,56.45044948833487,"Low,%",14,2.922,1,5,4.922000000000001,3,7
Rauhala Jani,Indians,2025,16,47,3,0.1875,2.9375,0.06382978723404255,"Average Low,%","Low,% -- High,spg","High,spg",0.07917694639610498,5.498874516323286,69.45044948833487,"Low,%",15,3.205,1,6,6.205,4,9
Rautakoura Ville,Indians,2025,17,20,2,0.11764705882352941,1.1764705882352942,0.1,"Average High,%","Average High,% -- Average Low,spg","Average Low,spg",0.10597943179752549,4.498874516323286,42.45044948833487,"Average High,%",15,1.71,0,3,3.71,2,5
Rautio Petro,Jymy,2025,19,26,1,0.05263157894736842,1.368421052631579,0.038461538461538464,"Low,%","Low,% -- Average Low,spg","Average Low,spg",0.0722155223176142,3.498874516323286,48.45044948833487,"Low,%",14,1.278,0,3,2.278,1,4
Rehu Santtu,OLS,2025,17,22,0,0,1.2941176470588236,0,"Low,%","Low,% -- Average Low,spg","Average Low,spg",0.056217080931410285,2.498874516323286,44.45044948833487,"Low,%",14,0.943,0,2,0.943,0,2
Repo Juho,SPV,2025,17,43,6,0.35294117647058826,2.5294117647058822,0.13953488372093023,"High,%","High,% -- Average High,spg","Average High,spg",0.1298520420068013,8.498874516323287,65.45044948833487,"High,%",15,4.256,2,7,10.256,8,13
Rintala Toni,Indians,2025,18,7,0,0,0.3888888888888889,0,"Low,%","Low,% -- Low,spg","Low,spg",0.08485013165293366,2.498874516323286,29.45044948833487,"Low,%",15,0.445,0,1,0.445,0,1
Roimela Setti,Indians,2025,3,3,0,0,1,0,"Low,%","Average Low,% -- Low,spg","Low,spg",0.09818586966287716,2.498874516323286,25.45044948833487,"Average Low,%",15,1.285,0,3,1.285,0,3
Roth Anton,Indians,2025,18,27,5,0.2777777777777778,1.5,0.18518518518518517,"High,%","High,% -- Average Low,spg","Average Low,spg",0.15164421342807483,7.498874516323286,49.45044948833487,"High,%",15,2.991,1,5,7.991,6,10
Ruonakangas Riku,OLS,2025,4,5,0,0,1.25,0,"Low,%","Average Low,% -- Average Low,spg","Average Low,spg",0.09103218937763437,2.498874516323286,27.45044948833487,"Average Low,%",14,1.539,0,3,1.539,0,3
Ryytty Valtteri,LASB,2025,16,14,1,0.0625,0.875,0.07142857142857142,"Average Low,%","Average Low,% -- Low,spg","Low,spg",0.0959898866937984,3.498874516323286,36.45044948833487,"Average Low,%",16,1.253,0,3,2.253,1,4
Römpötti Oula,Happee,2025,2,1,0,0,0.5,0,"Low,%","Average High,% -- Low,spg","Low,spg",0.10655977053089409,2.498874516323286,23.45044948833487,"Average High,%",15,0.742,0,2,0.742,0,2
Saarela Miko,Jymy,2025,18,13,0,0,0.7222222222222222,0,"Low,%","Low,% -- Low,spg","Low,spg",0.07048921952726021,2.498874516323286,35.45044948833487,"Low,%",14,0.666,0,2,0.666,0,2
Saari Arttu,Jymy,2025,16,23,3,0.1875,1.4375,0.13043478260869565,"Average High,%","Average High,% -- Average Low,spg","Average Low,spg",0.12098614157236455,5.498874516323286,45.45044948833487,"Average High,%",14,2.176,0,4,5.176,3,7
Salin Eemeli,Classic,2025,17,101,17,1,5.9411764705882355,0.16831683168316833,"High,%","High,% -- Very High,spg","Very High,spg",0.15794899570751084,19.498874516323287,123.45044948833487,"High,%",14,11.357,7,16,28.357,24,33
Salmi Markus,Oilers,2025,18,108,19,1.0555555555555556,6,0.17592592592592593,"High,%","Very High,% -- Very High,spg","Very High,spg",0.16480490945526222,21.498874516323287,130.45044948833487,"Very High,%",15,12.646,8,17,31.646,27,36
Salminen Olli,ErVi,2025,15,42,4,0.26666666666666666,2.8,0.09523809523809523,"Average High,%","Average Low,% -- Average High,spg","Average High,spg",0.10083520856591609,6.498874516323286,64.45044948833487,"Average Low,%",16,4.211,2,7,8.211,6,11
Salminen Sami,LASB,2025,11,14,1,0.09090909090909091,1.2727272727272727,0.07142857142857142,"Average Low,%","Average Low,% -- Average Low,spg","Average Low,spg",0.0959898866937984,3.498874516323286,36.45044948833487,"Average Low,%",16,1.704,0,3,2.7039999999999997,1,4
Salminen Toni,Classic,2025,17,27,4,0.23529411764705882,1.588235294117647,0.14814814814814814,"High,%","High,% -- Average Low,spg","Average Low,spg",0.1314219503273947,6.498874516323286,49.45044948833487,"High,%",14,2.532,1,5,6.532,5,9
Salo Tuukka,Classic,2025,18,13,2,0.1111111111111111,0.7222222222222222,0.15384615384615385,"High,%","High,% -- Low,spg","Low,spg",0.12690599361239865,4.498874516323286,35.45044948833487,"High,%",14,1.153,0,3,3.153,2,5
Salokangas Julius,LASB,2025,10,28,2,0.2,2.8,0.07142857142857142,"Average Low,%","Low,% -- Average High,spg","Average High,spg",0.08917412157771784,4.498874516323286,50.45044948833487,"Low,%",16,3.73,1,6,5.73,3,8
Salokangas Tiitus,Classic,2025,15,73,19,1.2666666666666666,4.866666666666666,0.2602739726027397,"Very High,%","Very High,% -- High,spg","High,spg",0.2252359693596906,21.498874516323287,95.45044948833487,"Very High,%",14,12.515,8,17,31.515,27,36
Santanen Mikko,SPV,2025,7,4,0,0,0.5714285714285714,0,"Low,%","Average Low,% -- Low,spg","Low,spg",0.09447380156716563,2.498874516323286,26.45044948833487,"Average Low,%",15,0.715,0,2,0.715,0,2
Savela Iiro,OLS,2025,17,111,10,0.5882352941176471,6.529411764705882,0.09009009009009009,"Average Low,%","Average Low,% -- Very High,spg","Very High,spg",0.09365929125188772,12.498874516323287,133.45044948833487,"Average Low,%",14,7.88,4,12,17.88,14,22
Seppälä Juho,Oilers,2025,11,12,0,0,1.0909090909090908,0,"Low,%","Low,% -- Low,spg","Low,spg",0.07253532402151734,2.498874516323286,34.45044948833487,"Low,%",15,1.069,0,2,1.069,0,2
Siekkinen Paavo,Happee,2025,7,7,1,0.14285714285714285,1,0.14285714285714285,"High,%","Average High,% -- Low,spg","Low,spg",0.11880547078607977,3.498874516323286,29.45044948833487,"Average High,%",15,1.609,0,3,2.609,1,4
Sikkinen Eetu,Classic,2025,18,37,3,0.16666666666666666,2.0555555555555554,0.08108108108108109,"Average Low,%","Average Low,% -- Average High,spg","Average High,spg",0.09249508731472675,5.498874516323286,59.45044948833487,"Average Low,%",14,2.391,0,5,5.391,3,8
Sillanpää Oliver,ErVi,2025,17,64,13,0.7647058823529411,3.764705882352941,0.203125,"Very High,%","Very High,% -- High,spg","High,spg",0.1792804387722081,15.498874516323287,86.45044948833487,"Very High,%",16,9.055,5,13,22.055,18,26
Silvonen Jesper,Oilers,2025,17,53,4,0.23529411764705882,3.1176470588235294,0.07547169811320754,"Average Low,%","Low,% -- High,spg","High,spg",0.08613433797141334,6.498874516323286,75.45044948833487,"Low,%",15,3.782,1.9000000000000057,6,7.782,5.900000000000006,10
Simonen Topias,KrP,2025,16,29,4,0.25,1.8125,0.13793103448275862,"High,%","High,% -- Average High,spg","Average High,spg",0.12631326997049358,6.498874516323286,51.45044948833487,"High,%",17,3.51,1,6,7.51,5,10
Sorvali Eetu,Oilers,2025,17,51,9,0.5294117647058824,3,0.17647058823529413,"High,%","High,% -- High,spg","High,spg",0.15655281344669641,11.498874516323287,73.45044948833487,"High,%",15,5.957,3,9,14.957,12,18
Stenfors Lauri,TPS,2025,12,10,0,0,0.8333333333333334,0,"Low,%","Low,% -- Low,spg","Low,spg",0.07700585217537802,2.498874516323286,32.45044948833487,"Low,%",15,0.89,0,2,0.89,0,2
Stransky Simon,ErVi,2025,12,70,8,0.6666666666666666,5.833333333333333,0.11428571428571428,"Average High,%","Average High,% -- Very High,spg","Very High,spg",0.11356217924768451,10.498874516323287,92.45044948833487,"Average High,%",16,9.566,6,14,17.566000000000003,14,22
Suhanto Eppu,Oilers,2025,18,48,3,0.16666666666666666,2.6666666666666665,0.0625,"Average Low,%","Low,% -- Average High,spg","Average High,spg",0.07805307923881714,5.498874516323286,70.45044948833487,"Low,%",15,2.902,1,5,5.902,4,8
Sulander Jere,LASB,2025,17,62,6,0.35294117647058826,3.6470588235294117,0.0967741935483871,"Average High,%","Average Low,% -- High,spg","High,spg",0.10063741007674845,8.498874516323287,84.45044948833487,"Average Low,%",16,5.359,3,8,11.359,9,14
Suomela Antti,Oilers,2025,16,61,5,0.3125,3.8125,0.08196721311475409,"Average Low,%","Low,% -- High,spg","High,spg",0.08986020521520999,7.498874516323286,83.45044948833487,"Low,%",15,4.75,2,8,9.75,7,13
Suominen Marius,FBC,2025,13,11,2,0.15384615384615385,0.8461538461538461,0.18181818181818182,"High,%","High,% -- Low,spg","Low,spg",0.13449369396044059,4.498874516323286,33.45044948833487,"High,%",16,1.656,0,3,3.6559999999999997,2,5
Suutari Samuel,LASB,2025,17,37,5,0.29411764705882354,2.176470588235294,0.13513513513513514,"High,%","High,% -- Average High,spg","Average High,spg",0.126136548686561,7.498874516323286,59.45044948833487,"High,%",16,3.707,1,6,8.707,6,11
Talvitie Ilari,Oilers,2025,8,11,0,0,1.375,0,"Low,%","Low,% -- Average Low,spg","Average Low,spg",0.07470376495821723,2.498874516323286,33.45044948833487,"Low,%",15,1.414,0,3,1.414,0,3
Tammiranta Aaro,SPV,2025,16,33,3,0.1875,2.0625,0.09090909090909091,"Average Low,%","Average Low,% -- Average High,spg","Average High,spg",0.09916735692972312,5.498874516323286,55.45044948833487,"Average Low,%",15,2.78,1,5,5.779999999999999,4,8
Tenho Oskari,Jymy,2025,19,100,4,0.21052631578947367,5.2631578947368425,0.04,"Low,%","Low,% -- High,spg","High,spg",0.05307350478074313,6.498874516323286,122.45044948833487,"Low,%",14,3.744,1,6,7.744,5,10
Tenhonen Benjamin,ErVi,2025,17,25,2,0.11764705882352941,1.4705882352941178,0.08,"Average Low,%","Average Low,% -- Average Low,spg","Average Low,spg",0.09481205267463864,4.498874516323286,47.45044948833487,"Average Low,%",16,1.958,0,4,3.958,2,6
Tenhonen Daniel,ErVi,2025,17,63,4,0.23529411764705882,3.7058823529411766,0.06349206349206349,"Average Low,%","Low,% -- High,spg","High,spg",0.0760543046319548,6.498874516323286,85.45044948833487,"Low,%",16,4.201,2,7,8.201,6,11
Tiittala Leo,ErVi,2025,10,16,0,0,1.6,0,"Low,%","Low,% -- Average Low,spg","Average Low,spg",0.06498947475455123,2.498874516323286,38.45044948833487,"Low,%",16,1.529,0,3,1.529,0,3
Trekse Peteris,Classic,2025,19,49,6,0.3157894736842105,2.5789473684210527,0.12244897959183673,"Average High,%","Average High,% -- Average High,spg","Average High,spg",0.11894781036627108,8.498874516323287,71.45044948833487,"Average High,%",14,3.835,1,6,9.835,7,12
Tuominen Sami,FBC,2025,2,1,1,0.5,0.5,1,"Very High,%","High,% -- Low,spg","Low,spg",0.14920287639107974,3.498874516323286,23.45044948833487,"High,%",16,1.034,0,2,2.034,1,3
Tuononen verneri,FBC,2025,17,72,9,0.5294117647058824,4.235294117647059,0.125,"Average High,%","Average High,% -- High,spg","High,spg",0.12174504810316926,11.498874516323287,94.45044948833487,"Average High,%",16,7.285,4,11,16.285,13,20
Turigin Teemu,Jymy,2025,19,40,3,0.15789473684210525,2.1052631578947367,0.075,"Average Low,%","Low,% -- Average High,spg","Average High,spg",0.08805180044941745,5.498874516323286,62.45044948833487,"Low,%",14,2.461,1,5,5.461,4,8
Turula Veli-Pekka,ErVi,2025,13,3,0,0,0.23076923076923078,0,"Low,%","Average Low,% -- Low,spg","Low,spg",0.09818586966287716,2.498874516323286,25.45044948833487,"Average Low,%",16,0.347,0,1,0.347,0,1
Tykkyläinen Konsta,Classic,2025,18,64,15,0.8333333333333334,3.5555555555555554,0.234375,"Very High,%","Very High,% -- High,spg","High,spg",0.2024150784627729,17.498874516323287,86.45044948833487,"Very High,%",14,8.325,5,12,23.325,20,27
Ukkonen Eemil,KrP,2025,15,15,3,0.2,1,0.2,"High,%","High,% -- Low,spg","Low,spg",0.14683066802805891,5.498874516323286,37.45044948833487,"High,%",17,2.187,0,4,5.186999999999999,3,7
Ukskoski Otto,ErVi,2025,15,28,4,0.26666666666666666,1.8666666666666667,0.14285714285714285,"High,%","High,% -- Average High,spg","Average High,spg",0.1288169794765843,6.498874516323286,50.45044948833487,"High,%",16,3.396,1,6,7.396,5,10
Uusi-Laitila Santeri,SPV,2025,17,36,3,0.17647058823529413,2.1176470588235294,0.08333333333333333,"Average Low,%","Average Low,% -- Average High,spg","Average High,spg",0.09407754028342781,5.498874516323286,58.45044948833487,"Average Low,%",15,2.723,1,5,5.723,4,8
Vaarala Kalle,Happee,2025,18,28,1,0.05555555555555555,1.5555555555555556,0.03571428571428571,"Low,%","Low,% -- Average Low,spg","Average Low,spg",0.0693526926282846,3.498874516323286,50.45044948833487,"Low,%",15,1.454,0,3,2.4539999999999997,1,4
Vaarala Karri,Jymy,2025,15,139,18,1.2,9.266666666666667,0.12949640287769784,"Average High,%","High,% -- Very High,spg","Very High,spg",0.12696697086497968,20.498874516323287,161.45044948833487,"High,%",14,14.546,10,20,32.546,28,38
Vaarimo Miko,ErVi,2025,10,18,3,0.3,1.8,0.16666666666666666,"High,%","High,% -- Average High,spg","Average High,spg",0.13594099907119836,5.498874516323286,40.45044948833487,"High,%",16,3.425,1,6,6.425,4,9
Vainionpää Markus,Classic,2025,1,6,0,0,6,0,"Low,%","Low,% -- Very High,spg","Very High,spg",0.08783251446863305,2.498874516323286,28.45044948833487,"Low,%",14,6.746,3,10,6.746,3,10
Vesterinen Waltteri,TPS,2025,18,124,8,0.4444444444444444,6.888888888888889,0.06451612903225806,"Average Low,%","Low,% -- Very High,spg","Very High,spg",0.0716889197199736,10.498874516323287,146.45044948833487,"Low,%",15,6.927,4,10,14.927,12,18
Viitakoski Valtteri,KrP,2025,16,67,13,0.8125,4.1875,0.19402985074626866,"High,%","Very High,% -- High,spg","High,spg",0.1732677097206144,15.498874516323287,89.45044948833487,"Very High,%",17,10.295,6,15,23.295,19,28
Viitikka Oskari,TPS,2025,16,6,0,0,0.375,0,"Low,%","Low,% -- Low,spg","Low,spg",0.08783251446863305,2.498874516323286,28.45044948833487,"Low,%",15,0.463,0,1,0.463,0,1
Virolainen Luukas,OLS,2025,4,1,0,0,0.25,0,"Low,%","Average High,% -- Low,spg","Low,spg",0.10655977053089409,2.498874516323286,23.45044948833487,"Average High,%",14,0.34,0,1,0.34,0,1
Virrankari Olli-Matti,Happee,2025,17,10,1,0.058823529411764705,0.5882352941176471,0.1,"Average High,%","Average High,% -- Low,spg","Low,spg",0.10782206630392115,3.498874516323286,32.45044948833487,"Average High,%",15,0.872,0,2,1.8719999999999999,1,3
Virtanen Viljami,Classic,2025,10,4,0,0,0.4,0,"Low,%","Average Low,% -- Low,spg","Low,spg",0.09447380156716563,2.498874516323286,26.45044948833487,"Average Low,%",14,0.506,0,1,0.506,0,1
Vähäkangas Johannes,FBC,2025,17,30,4,0.23529411764705882,1.7647058823529411,0.13333333333333333,"Average High,%","High,% -- Average High,spg","Average High,spg",0.12390502998012733,6.498874516323286,52.45044948833487,"High,%",16,3.025,1,5,7.025,5,9
Välitalo Anssi,OLS,2025,14,11,1,0.07142857142857142,0.7857142857142857,0.09090909090909091,"Average Low,%","Average High,% -- Low,spg","Low,spg",0.10459872945932891,3.498874516323286,33.45044948833487,"Average High,%",14,1.074,0,3,2.074,1,4
Vänttilä Kimi,OLS,2025,18,60,14,0.7777777777777778,3.3333333333333335,0.23333333333333334,"Very High,%","Very High,% -- High,spg","High,spg",0.20010654421790092,16.498874516323287,82.45044948833487,"Very High,%",14,7.76,4,11,21.759999999999998,18,25
Wiander Tommi,ErVi,2025,17,23,1,0.058823529411764705,1.3529411764705883,0.043478260869565216,"Low,%","Low,% -- Average Low,spg","Average Low,spg",0.0769821763197588,3.498874516323286,45.45044948833487,"Low,%",16,1.553,0,3,2.553,1,4
Wikström Roope,Jymy,2025,19,12,0,0,0.631578947368421,0,"Low,%","Low,% -- Low,spg","Low,spg",0.07253532402151734,2.498874516323286,34.45044948833487,"Low,%",14,0.586,0,2,0.586,0,2
Wingren Elliot,FBC,2025,16,17,3,0.1875,1.0625,0.17647058823529413,"High,%","High,% -- Low,spg","Low,spg",0.13938686599627342,5.498874516323286,39.45044948833487,"High,%",16,2.062,0,4,5.061999999999999,3,7
Ylitalo Eemil,OLS,2025,19,56,4,0.21052631578947367,2.9473684210526314,0.07142857142857142,"Average Low,%","Low,% -- High,spg","High,spg",0.0828405007072602,6.498874516323286,78.45044948833487,"Low,%",14,3.264,1,6,7.263999999999999,5,10
Äijälä Eemil,Jymy,2025,19,197,19,1,10.368421052631579,0.09644670050761421,"Average High,%","Average Low,% -- Very High,spg","Very High,spg",0.09796687391823311,21.498874516323287,219.45044948833487,"Average Low,%",14,12.911,8,18,31.911,27,37
Äijälä Niklas,Jymy,2025,19,60,7,0.3684210526315789,3.1578947368421053,0.11666666666666667,"Average High,%","Average High,% -- High,spg","High,spg",0.11520706770273208,9.498874516323287,82.45044948833487,"Average High,%",14,4.662,2,8,11.661999999999999,9,15
